{"cameraMode":{"drawMode":0,"name":"Shaded","section":"Shading Mode"},"sceneLighting":false,"audioPlay":false,"sceneViewState":{"m_AlwaysRefresh":false,"showFog":true,"showSkybox":false,"showFlares":true,"showImageEffects":true,"showParticleSystems":true,"showVisualEffectGraphs":true,"m_FxEnabled":true},"in2DMode":false,"pivot":{"x":0.36656445264816286,"y":0.4831097722053528,"z":0.33118200302124026},"rotation":{"x":0.05655975267291069,"y":-0.1577659249305725,"z":0.00904889777302742,"w":0.9858271479606628},"size":0.4330126941204071,"orthographic":false}